<application>
  <component name="libraryTable">
    <library name="Python 2.7 interpreter library">
      <CLASSES>
        <root url="file://$USER_HOME$/Anaconda2/envs/untitled/DLLs" />
        <root url="file://$USER_HOME$/Anaconda2/envs/untitled/Lib" />
        <root url="file://$USER_HOME$/Anaconda2/envs/untitled/Lib/lib-tk" />
        <root url="file://$USER_HOME$/Anaconda2/envs/untitled" />
        <root url="file://$USER_HOME$/Anaconda2/envs/untitled/Lib/site-packages" />
        <root url="file://$USER_HOME$/.IntelliJIdea2018.3/system/python_stubs/-1798163288" />
        <root url="file://$APPLICATION_PLUGINS_DIR$/python/helpers/python-skeletons" />
        <root url="file://$APPLICATION_PLUGINS_DIR$/python/helpers/typeshed/stdlib/2" />
        <root url="file://$APPLICATION_PLUGINS_DIR$/python/helpers/typeshed/stdlib/2and3" />
        <root url="file://$APPLICATION_PLUGINS_DIR$/python/helpers/typeshed/third_party/2" />
        <root url="file://$APPLICATION_PLUGINS_DIR$/python/helpers/typeshed/third_party/2and3" />
      </CLASSES>
      <JAVADOC />
      <SOURCES>
        <root url="file://$USER_HOME$/Anaconda2/envs/untitled/DLLs" />
        <root url="file://$USER_HOME$/Anaconda2/envs/untitled/Lib" />
        <root url="file://$USER_HOME$/Anaconda2/envs/untitled/Lib/lib-tk" />
        <root url="file://$USER_HOME$/Anaconda2/envs/untitled" />
        <root url="file://$USER_HOME$/Anaconda2/envs/untitled/Lib/site-packages" />
        <root url="file://$USER_HOME$/.IntelliJIdea2018.3/system/python_stubs/-1798163288" />
        <root url="file://$APPLICATION_PLUGINS_DIR$/python/helpers/python-skeletons" />
        <root url="file://$APPLICATION_PLUGINS_DIR$/python/helpers/typeshed/stdlib/2" />
        <root url="file://$APPLICATION_PLUGINS_DIR$/python/helpers/typeshed/stdlib/2and3" />
        <root url="file://$APPLICATION_PLUGINS_DIR$/python/helpers/typeshed/third_party/2" />
        <root url="file://$APPLICATION_PLUGINS_DIR$/python/helpers/typeshed/third_party/2and3" />
      </SOURCES>
    </library>
  </component>
</application>