<application>
  <component name="PropertiesComponent">
    <property name="ChangesViewManager.DETAILS_SPLITTER_PROPORTION" value="0.2489339" />
    <property name="CommitChangeListDialog.DETAILS_SPLITTER_PROPORTION_2" value="0.6424702" />
    <property name="CommitChangeListDialog.SPLITTER_PROPORTION_2" value="0.7548638" />
    <property name="CommittedChanges.SplitterProportions.0" value="700" />
    <property name="CommittedChanges.SplitterProportions.1" value="138" />
    <property name="Copy.OpenInEditor" value="true" />
    <property name="ExpandBeforeRunStepsPanel" value="false" />
    <property name="ExpandRunDashboardTypesPanel" value="false" />
    <property name="FileTemplates.SelectedTemplate" value="HTML File" />
    <property name="FindSplitterProportion" value="0.25744936" />
    <property name="FrameworksFinderRecursivePanel[0]" value="0.108342364" />
    <property name="InstalledPluginsSearchHistory" value="j&#10;CodeGlance&#10;code" />
    <property name="JUnit.Splitter.Proportion" value="0.060097456" />
    <property name="JUnitSupport.hidePassedTests" value="false" />
    <property name="KEYMAP" value="seac" />
    <property name="MemberChooser.copyJavadoc" value="false" />
    <property name="MemberChooser.showClasses" value="true" />
    <property name="PluginConfigurable.selectionTab" value="1" />
    <property name="ProjectStructure.SecondLevelElements" value="0.5375" />
    <property name="SpringBeansModulesPanel[0]" value="0.108342364" />
    <property name="TrendingPluginsSearchHistory" value="JPr&#10;MAT&#10;tag:&quot;Tools integration&quot;&#10;lombok&#10;python" />
    <property name="com.intellij.history.integration.ui.views.FileHistoryDialog.0" value="300" />
    <property name="com.intellij.history.integration.ui.views.FileHistoryDialog.1" value="800" />
    <property name="com.intellij.openapi.editor.actions.MultiplePasteAction$ClipboardContentChooser.splitter" value="0.43348983" />
    <property name="com.intellij.openapi.roots.ui.configuration.TabbedModuleEditor.selectedEditor" value="Sources" />
    <property name="com.intellij.remoteServer.impl.runtime.ui.ServersToolWindowContent:com.intellij.remoteServer.impl.runtime.ui.DefaultRemoteServersViewContribution.0" value="300" />
    <property name="create.project.preferred.importer" value="Eclipse" />
    <property name="decompiler.legal.notice.accepted" value="true" />
    <property name="defaultJdkConfigured" value="true" />
    <property name="eclipse.project.dir" value="C:\Users\double\Downloads\Cgoel1xvVMiAbVRYAMFo6kXPXRQ406\Joinpay_Java_API_Demo\Joinpya_Java_API_Demo\Java_API_Demo\Java_API_Demo\Joinpay_API_Java_Demo" />
    <property name="es6.show.auto.import" value="true" />
    <property name="evlsprt3.183" value="16" />
    <property name="file.chooser.recent.files" value="E:/codeHome/one/xcx-java&#10;E:/codeHome/two/buy_two&#10;E:/codeHome/two/eat_two/eq-web/pom.xml&#10;E:/codeHome/two/eat_two&#10;C:/Users/double/Downloads/Cgoel1xvVMiAbVRYAMFo6kXPXRQ406/Joinpay_Java_API_Demo/Joinpya_Java_API_Demo/Java_API_Demo/Java_API_Demo/Joinpay_API_Java_Demo&#10;E:/codeHome/one/buy&#10;E:/codeHome/three/mall_three&#10;E:/codeHome/two/mall_two&#10;E:/codeHome/one/xcx-java/mp-business/pom.xml&#10;E:/codeHome/one/mall&#10;C:/Users/double/Anaconda2/envs/python2.7/python.exe&#10;C:/Users/double/Anaconda2/envs/python2.7&#10;E:/codeHome/two/mall_two/mall-web/pom.xml&#10;E:/codeHome/one/mall/eq-dict/pom.xml&#10;E:/codeHome/one/mall/eq-dict&#10;E:/codeHome/one/eat&#10;G:/Tools/apache-maven-3.3.3&#10;E:/codeHome/one/eat/eq-wap/pom.xml&#10;D:/tomcat/apache-tomcat-8.0.29&#10;E:/codeHome/one/mall/mall-web/pom.xml&#10;C:/Program Files/TortoiseSVN/bin/svn.exe&#10;I:/maven_repository&#10;G:/Tools/apache-maven-3.3.3/conf/settings.xml&#10;I:/manven/apache-maven-3.5.2-bin/apache-maven-3.5.2" />
    <property name="file.gist.reindex.count" value="110382" />
    <property name="fileTypeChangedCounter" value="3" />
    <property name="find.popup.splitter" value="0.4004796" />
    <property name="installed.kotlin.plugin.version" value="1.3.11-release-IJ2018.3-1" />
    <property name="jdk.selected.JAVA_MODULE" value="1.8" />
    <property name="jdk.selected.PYTHON_MODULE" value="Python 2.7" />
    <property name="last.imported.location" value="$USER_HOME$/Downloads/Cgoel1xvVMiAbVRYAMFo6kXPXRQ406/Joinpay_Java_API_Demo/Joinpya_Java_API_Demo/Java_API_Demo/Java_API_Demo/Joinpay_API_Java_Demo" />
    <property name="lastTip" value="61" />
    <property name="project.wizard.group" value="PYTHON_MODULE" />
    <property name="project.wizard.template" value="Java" />
    <property name="python.app.engine.sdk.path" value="" />
    <property name="ts.lib.d.ts.version" value="3.2.1" />
    <property name="typescript.show.auto.import" value="true" />
  </component>
  <component name="SvnApplicationSettings">
    <option name="myCheckoutURLs">
      <list>
        <option value="svn://192.168.1.144" />
      </list>
    </option>
    <option name="myTypedURLs">
      <list>
        <option value="svn://192.168.1.144" />
        <option value="svn://svn.eq28.cn" />
      </list>
    </option>
    <option name="mySvnCommandLine" value="C:\Program Files\TortoiseSVN\bin\svn.exe" />
  </component>
</application>